"Huang-Wei","Huang-Wei/kubernetes","608"
"matthyx","kubernetes/test-infra","377"
"RainbowMango","kubernetes/kubernetes","265"
"saschagrunert","saschagrunert/release","1722"
"RainbowMango","RainbowMango/cloud-provider-huaweicloud","266"
"ingvagabund","kubernetes-sigs/descheduler","443"
"saschagrunert","kubernetes/kubernetes","487"
"damemi","kubernetes/kubernetes","458"
"soltysh","soltysh/org","212"
"mtaufen","kubernetes/kubernetes","244"
"cpanato","kubernetes/release","282"
"soltysh","soltysh/oc","466"
"droslean","openshift/release","579"
"BenTheElder","kubernetes/kubernetes","1893"
"xing-yang","kubernetes/kubernetes","383"
"adtac","kubernetes/kubernetes","508"
"Jefftree","Jefftree/kubernetes","283"
"deads2k","deads2k/cluster-etcd-operator","225"
"k8s-release-robot","kubernetes/kubernetes","364"
"liggitt","kubernetes/kubernetes","8286"
"andyzhangx","kubernetes-sigs/azuredisk-csi-driver","1533"
"hasheddan","crdsdev/doc","236"
"robscott","robscott/service-apis","277"
"soltysh","openshift/oc","602"
"sttts","mfojtik/bugzilla-operator","223"
"pohly","intel/pmem-csi","1892"
"soltysh","soltysh/kubectl","202"
"nikhita","nikhita/org","203"
"wojtek-t","wojtek-t/kubernetes","445"
"soltysh","soltysh/test-infra","408"
"cpanato","mattermost/mattermost-cloud-monitoring","241"
"liggitt","kubernetes/website","253"
"saschagrunert","saschagrunert/kubernetes","281"
"MikeSpreitzer","kubernetes/kubernetes","1437"
"tkashem","tkashem/kubernetes","289"
"mattjmcnaughton","kubernetes/kubernetes","535"
"saschagrunert","openSUSE/libpod","220"
"serathius","kubernetes/kubernetes","782"
"alculquicondor","kubernetes/kubernetes","3223"
"adtac","adtac/kubernetes","204"
"justaugustus","kubernetes/k8s.io","322"
"joakimr-axis","kubernetes/kubernetes","355"
"neolit123","kubernetes/enhancements","413"
"tanjunchen","tanjunchen/kubernetes","371"
"cpanato","kubernetes/test-infra","202"
"jpbetz","kubernetes/kubernetes","471"
"khenidak","kubernetes/kubernetes","333"
"soltysh","soltysh/community","265"
"k8s-publishing-bot","kubernetes/client-go","310"
"sttts","openshift/cluster-kube-apiserver-operator","528"
"aojea","ovn-org/ovn-kubernetes","1040"
"cpanato","cpanato/test-infra","234"
"tpepper","kubernetes/kubernetes","286"
"rikatz","rikatz/kubepug","416"
"uablrek","Nordix/xcluster","363"
"hh","cncf/apisnoop","423"
"knabben","knabben/kubernetes","227"
"dims","kubernetes/k8s.io","340"
"alculquicondor","alculquicondor/kubernetes","380"
"SataQiu","servicemesher/istio-official-translation","358"
"deads2k","openshift/cluster-etcd-operator","635"
"fromanirh","kubernetes/kubernetes","264"
"saschagrunert","saschagrunert/kubernix","325"
"alculquicondor","kubernetes/enhancements","334"
"SataQiu","kubernetes/kubernetes","644"
"wojtek-t","kubernetes/kubernetes","1969"
"justaugustus","justaugustus/kubernetes","268"
"danwinship","openshift/sdn","297"
"jpbetz","jpbetz/kubernetes","211"
"sttts","openshift/cluster-openshift-apiserver-operator","249"
"SergeyKanzhelev","open-telemetry/opentelemetry-specification","409"
"deads2k","openshift/library-go","244"
"aojea","kubernetes-sigs/kind","998"
"enj","kubernetes/kubernetes","436"
"tallclair","kubernetes/kubernetes","415"
"logicalhan","kubernetes/kubernetes","348"
"spiffxp","kubernetes/kubernetes","1041"
"jingxu97","kubernetes/kubernetes","751"
"neolit123","kubernetes/kubernetes","3398"
"mikedanese","kubernetes/kubernetes","675"
"tanjunchen","kubernetes/kubernetes","883"
"soltysh","soltysh/kubernetes","671"
"k8s-publishing-bot","kubernetes/component-base","203"
"jayunit100","kubernetes/enhancements","222"
"damemi","kubernetes-sigs/descheduler","511"
"brianpursley","brianpursley/kubernetes","411"
"jingxu97","kubernetes-sigs/gcp-compute-persistent-disk-csi-driver","475"
"lavalamp","kubernetes/kubernetes","1778"
"cpanato","cpanato/release","348"
"k8s-publishing-bot","kubernetes/kubectl","336"
"immutableT","kubernetes/kubernetes","209"
"soltysh","soltysh/openshift-docs","368"
"saschagrunert","saschagrunert/cri","539"
"oomichi","kubernetes/kubernetes","1055"
"neolit123","kubernetes/website","609"
"k8s-publishing-bot","kubernetes/apimachinery","231"
"cmluciano","kubernetes/kubernetes","339"
"soltysh","soltysh/k8s-enhancements","207"
"yliaog","kubernetes/kubernetes","266"
"spiffxp","spiffxp/test-infra","446"
"deads2k","deads2k/sippy","202"
"cpanato","kubernetes/kubernetes","355"
"hasheddan","hasheddan/crossplane","527"
"pohly","kubernetes/kubernetes","426"
"caesarxuchao","kubernetes/kubernetes","550"
"droslean","openshift/ci-tools","485"
"hasheddan","kubernetes/test-infra","207"
"k8s-publishing-bot","kubernetes/legacy-cloud-providers","444"
"pacoxu","kubernetes/kubernetes","388"
"andyzhangx","andyzhangx/blobfuse-csi-driver","204"
"k8s-publishing-bot","kubernetes/apiextensions-apiserver","238"
"SataQiu","SataQiu/kubernetes","232"
"liggitt","kubernetes/enhancements","574"
"gongguan","gongguan/kubernetes","320"
"aojea","kubernetes/kubernetes","3008"
"gavinfish","kubernetes/kubernetes","407"
"cici37","cici37/kubernetes","232"
"fedebongio","kubernetes/kubernetes","1214"
"ialidzhikov","gardener/gardener","1098"
"jsafrane","openshift/origin","253"
"danwinship","ovn-org/ovn-kubernetes","1013"
"soltysh","soltysh/release","578"
"yue9944882","yue9944882/java","365"
"spiffxp","kubernetes/test-infra","1557"
"yue9944882","kubernetes/kubernetes","314"
"andyzhangx","kubernetes-sigs/blob-csi-driver","323"
"deads2k","deads2k/kubernetes","323"
"cpanato","cpanato/testing-ghactions","221"
"dashpole","google/cadvisor","1056"
"droslean","droslean/release","467"
"saschagrunert","kubernetes/sig-release","203"
"msau42","kubernetes-csi/external-provisioner","332"
"justaugustus","kubernetes/release","1329"
"saschagrunert","saschagrunert/seccomp-operator","558"
"cpanato","mattermost/mattermost-helm","213"
"Jefftree","kubernetes-sigs/apiserver-network-proxy","296"
"danwinship","danwinship/ovn-kubernetes","207"
"smarterclayton","openshift/image-registry","204"
"lavalamp","kubernetes/enhancements","257"
"alejandrox1","kubernetes/kubernetes","362"
"mborsz","kubernetes/perf-tests","254"
"robscott","kubernetes-sigs/service-apis","1291"
"xing-yang","kubernetes-csi/external-snapshotter","1123"
"tkashem","openshift/cluster-kube-apiserver-operator","221"
"gavinfish","gavinfish/kubernetes","353"
"cofyc","kubernetes/kubernetes","444"
"pohly","kubernetes-csi/external-provisioner","272"
"aojea","aojea/ovn-kubernetes","558"
"prameshj","kubernetes/kubernetes","233"
"wawa0210","kubernetes/kubernetes","500"
"smarterclayton","openshift/release","452"
"roycaihw","kubernetes/kubernetes","523"
"yue9944882","yue9944882/apiserver-builder-alpha","275"
"andyzhangx","andyzhangx/demo","242"
"matthyx","kubernetes/kubernetes","270"
"dims","dims/kubernetes","886"
"saschagrunert","saschagrunert/cri-o","355"
"tedyu","cri-o/cri-o","371"
"spiffxp","kubernetes/k8s.io","828"
"apelisse","kubernetes/kubernetes","1184"
"hasheddan","kubernetes/kubernetes","694"
"msau42","kubernetes-csi/external-snapshotter","214"
"caesarxuchao","kubernetes-sigs/apiserver-network-proxy","274"
"johnbelamaric","kubernetes/kubernetes","219"
"serathius","serathius/kubernetes","259"
"neolit123","kubernetes/kubeadm","1320"
"roycaihw","kubernetes-client/python","372"
"jingxu97","jingxu97/gcp-compute-persistent-disk-csi-driver","260"
"ahg-g","ahg-g/kubernetes","271"
"mm4tt","kubernetes/perf-tests","795"
"marosset","Azure/aks-engine","693"
"nilo19","kubernetes-sigs/cloud-provider-azure","254"
"joakimr-axis","joakimr-axis/kubernetes","286"
"pjh","kubernetes/kubernetes","282"
"soltysh","soltysh/perf-tests","202"
"MHBauer","kubernetes/kubernetes","259"
"danwinship","kubernetes/kubernetes","735"
"tanjunchen","kubernetes/website","629"
"BenTheElder","BenTheElder/test-infra","359"
"brianpursley","kubernetes/kubernetes","682"
"zshihang","kubernetes/kubernetes","344"
"nikhita","kubernetes/community","412"
"mm4tt","kubernetes/kubernetes","305"
"BenTheElder","BenTheElder/kind","760"
"tedyu","tedyu/kubernetes","639"
"jsafrane","openshift/aws-ebs-csi-driver-operator","212"
"jsafrane","openshift/release","263"
"knabben","kubernetes/kubernetes","292"
"saschagrunert","saschagrunert/nixpkgs","267"
"msau42","kubernetes-sigs/gcp-compute-persistent-disk-csi-driver","587"
"robscott","kubernetes/enhancements","252"
"droslean","droslean/ci-tools","390"
"smarterclayton","smarterclayton/release","204"
"oomichi","kubernetes-sigs/kubespray","330"
"dashpole","kubernetes/enhancements","263"
"justaugustus","kubernetes/org","223"
"oomichi","oomichi/kubernetes","231"
"wojtek-t","kubernetes/test-infra","281"
"RainbowMango","RainbowMango/GoExpertProgramming","268"
"saschagrunert","NixOS/nixpkgs","230"
"fromanirh","fromanirh/performance-addon-operators","221"
"cpanato","kubernetes/sig-release","326"
"mborsz","kubernetes/kubernetes","227"
"gnufied","gnufied/kubernetes","279"
"zhouya0","kubernetes/kubernetes","586"
"andyzhangx","kubernetes/kubernetes","1255"
"BobyMCbobs","sharingio/pair","268"
"andrewsykim","kubernetes/kubernetes","1956"
"andyzhangx","kubernetes-sigs/blobfuse-csi-driver","354"
"k8s-publishing-bot","kubernetes/api","238"
"smarterclayton","kubernetes/kubernetes","606"
"soltysh","soltysh/origin","448"
"yue9944882","kubernetes-client/java","561"
"apelisse","kubernetes-sigs/structured-merge-diff","262"
"BenTheElder","kubernetes/test-infra","1241"
"tallclair","kubernetes/enhancements","208"
"deads2k","kubernetes/enhancements","226"
"tkashem","kubernetes/kubernetes","321"
"fromanirh","openshift-kni/performance-addon-operators","759"
"chendave","kubernetes/kubernetes","692"
"saschagrunert","kubernetes/release","1508"
"jayunit100","jayunit100/k8sprototypes","264"
"knight42","kubernetes/kubernetes","783"
"k8s-publishing-bot","kubernetes/kube-aggregator","201"
"Riaankl","cncf/apisnoop","235"
"andyzhangx","kubernetes-sigs/azurefile-csi-driver","1689"
"cpanato","kubernetes-sigs/cluster-api-provider-azure","428"
"marosset","marosset/aks-engine","392"
"andyzhangx","andyzhangx/kubernetes","290"
"pjbgf","kubernetes/kubernetes","240"
"jayunit100","jayunit100/kubernetes","341"
"cheftako","kubernetes-sigs/apiserver-network-proxy","331"
"BobyMCbobs","kubernetes/kubernetes","451"
"tedyu","yugabyte/yugabyte-db","373"
"dims","dims/test-infra","338"
"sttts","openshift/origin","631"
"klueska","kubernetes/kubernetes","365"
"cheftako","kubernetes/kubernetes","734"
"thockin","kubernetes/k8s.io","423"
"MikeSpreitzer","MikeSpreitzer/kubernetes","511"
"xing-yang","kubernetes/enhancements","423"
"sttts","openshift/kubernetes","359"
"sttts","kubernetes/kubernetes","528"
"soltysh","soltysh/website","427"
"neolit123","neolit123/kubeadm-test","204"
"klueska","NVIDIA/k8s-device-plugin","282"
"jayunit100","kubernetes/kubernetes","854"
"jsafrane","kubernetes/kubernetes","613"
"johnbelamaric","kubernetes/enhancements","283"
"cofyc","cofyc/tidb-operator","1049"
"justaugustus","justaugustus/release","459"
"thockin","kubernetes/enhancements","740"
"hh","kubernetes/kubernetes","255"
"ahg-g","kubernetes/kubernetes","2021"
"sttts","openshift/enhancements","364"
"gnufied","openshift/local-storage-operator","290"
"soltysh","soltysh/cpython","365"
"bart0sh","intel/intel-device-plugins-for-kubernetes","442"
"bowei","kubernetes/ingress-gce","230"
"rikatz","kubernetes/kubernetes","772"
"cpanato","kubernetes-sigs/cluster-api-provider-digitalocean","223"
"liggitt","liggitt/kubernetes","982"
"aojea","aojea/kind","366"
"danwinship","openshift/ovn-kubernetes","203"
"deads2k","openshift/api","257"
"SergeyKanzhelev","open-telemetry/community","759"
"nilo19","nilo19/kubernetes","353"
"gongguan","kubernetes/kubernetes","586"
"wojtek-t","kubernetes/enhancements","554"
"justaugustus","kubernetes/sig-release","460"
"klueska","NVIDIA/nvidia-docker","232"
"SergeyKanzhelev","open-telemetry/opentelemetry-dotnet","633"
"Huang-Wei","kubernetes-sigs/scheduler-plugins","673"
"roycaihw","roycaihw/kubernetes","289"
"soltysh","soltysh/kustomize","312"
"saschagrunert","kubernetes-analysis/kubernetes-analysis","368"
"thockin","kubernetes/git-sync","271"
"skilxn-go","kubernetes/kubernetes","267"
"ingvagabund","kubernetes/kubernetes","380"
"andrewsykim","kubernetes/cloud-provider-aws","213"
"k8s-publishing-bot","kubernetes/kubernetes","325"
"msau42","kubernetes/kubernetes","1603"
"deads2k","openshift/cluster-kube-apiserver-operator","332"
"dims","kubernetes/test-infra","421"
"soltysh","openshift/origin","360"
"bowei","kubernetes/kubernetes","227"
"serathius","kubernetes-sigs/metrics-server","997"
"saschagrunert","openSUSE/cri-o","1260"
"nilo19","nilo19/cloud-provider-azure","346"
"andyzhangx","Azure/AKS","209"
"mattfenwick","blackducksoftware/cerebros","236"
"Jefftree","kubernetes/kubernetes","430"
"pohly","pohly/pmem-CSI","533"
"justaugustus","kubernetes/kubernetes","1519"
"prameshj","kubernetes/dns","226"
"mm4tt","mm4tt/perf-tests","207"
"julianvmodesto","julianvmodesto/kubernetes","312"
"claudiubelu","kubernetes/kubernetes","611"
"robscott","robscott/kubernetes","305"
"dashpole","kubernetes/kubernetes","674"
"nikhita","kubernetes/kubernetes","317"
"deads2k","openshift/enhancements","369"
"sttts","openshift/api","283"
"derekwaynecarr","kubernetes/kubernetes","571"
"bowei","kubernetes-sigs/service-apis","491"
"cofyc","kubernetes-sigs/sig-storage-local-static-provisioner","203"
"deads2k","kubernetes/kubernetes","868"
"SergeyKanzhelev","kubernetes/kubernetes","916"
"cofyc","pingcap/tidb-operator","2721"
"xing-yang","kubernetes-csi/docs","246"
"nikhita","kubernetes/org","507"
"tedyu","tedyu/yugabyte-db","370"
"BobyMCbobs","ii/kubernetes","227"
"uablrek","kubernetes/kubernetes","452"
"cici37","kubernetes/kubernetes","360"
"droslean","kubernetes/kubernetes","300"
"julianvmodesto","kubernetes/kubernetes","386"
"jingxu97","jingxu97/kubernetes","223"
"andyzhangx","kubernetes-csi/csi-driver-smb","657"
"Huang-Wei","kubernetes/kubernetes","2137"
"claudiubelu","claudiubelu/kubernetes","422"
"athenabot","kubernetes/kubernetes","794"
"bart0sh","kubernetes/kubernetes","206"
"damemi","damemi/kubernetes","246"
"mm4tt","kubernetes/test-infra","251"
"aojea","aojea/kubernetes","664"
"matthyx","matthyx/test-infra","227"
"smarterclayton","smarterclayton/origin","372"
"wawa0210","wawa0210/kubernetes","315"
"andrewsykim","kubernetes/enhancements","279"
"danwinship","kubernetes/enhancements","282"
"robscott","kubernetes/kubernetes","832"
"smarterclayton","openshift/origin","764"
"gaurav1086","kubernetes/kubernetes","405"
"andrewsykim","andrewsykim/kubernetes","492"
"jsafrane","openshift/cluster-storage-operator","245"
"xing-yang","vmware-tanzu/velero-plugin-for-vsphere","341"
"sttts","openshift/library-go","568"
"deads2k","openshift/origin","357"
"saschagrunert","kubernetes-sigs/seccomp-operator","246"
"spiffxp","spiffxp/k8s.io","235"
"serathius","serathius/metrics-server","282"
"knight42","knight42/kubernetes","453"
"cpanato","mattermost/mattermost-cloud","683"
"gnufied","kubernetes/kubernetes","728"
"andyzhangx","andyzhangx/azuredisk-csi-driver","310"
"hasheddan","crossplane/provider-aws","488"
"ialidzhikov","kubernetes/kubernetes","375"
"dims","kubernetes/kubernetes","2659"
"andrewsykim","kubernetes/cloud-provider-vsphere","266"
"cpanato","mattermost/mattermost-server","354"
"ialidzhikov","gardener/gardener-extension-provider-gcp","212"
"BenTheElder","kubernetes-sigs/kind","3558"
"aojea","kubernetes/test-infra","334"
"justaugustus","kubernetes/test-infra","602"
"justaugustus","kubernetes/enhancements","262"
"k8s-publishing-bot","kubernetes/apiserver","398"
"saschagrunert","kubernetes-sigs/cri-tools","210"
"saschagrunert","cri-o/cri","370"
"damemi","damemi/descheduler","312"
"ialidzhikov","gardener/gardener-extension-provider-aws","234"
"saschagrunert","cri-o/cri-o","3793"
"marosset","kubernetes/kubernetes","367"
"saschagrunert","saschagrunert/webapp.rs","450"
"thockin","kubernetes/kubernetes","1336"
"ialidzhikov","ialidzhikov/gardener","444"
"heyste","kubernetes/kubernetes","219"
"danwinship","openshift/cluster-network-operator","582"
"feiskyer","kubernetes/kubernetes","674"
"mattfenwick","kubernetes/kubernetes","217"
"soltysh","kubernetes/kubernetes","747"
"Riaankl","kubernetes/kubernetes","562"
"cpanato","mattermost/mattermost-operator","332"
"haosdent","kubernetes/kubernetes","239"
"nilo19","kubernetes/kubernetes","305"
"msau42","kubernetes/enhancements","362"
"feiskyer","kubernetes-sigs/cloud-provider-azure","249"
"derekwaynecarr","kubernetes/enhancements","232"
"xing-yang","kubernetes-csi/external-health-monitor","233"
"cpanato","cpanato/cluster-api-provider-azure","500"
"tedyu","kubernetes/kubernetes","2120"
"hasheddan","crossplane/crossplane","1482"
"andyzhangx","Azure/kubernetes-volume-drivers","233"
"MikeSpreitzer","MikeSpreitzer/kube-examples","255"
"wojtek-t","kubernetes/perf-tests","1254"
